outlook,humidity,temperature,time,hangingOut
Cloudy,0.3085,13,15,Yes
Cloudy,0.9422,30,1,No
Cloudy,0.8883,24,14,Yes
Cloudy,0.8603,15,5,No
Sunny,0.6530,31,9,Yes
Cloudy,0.3443,18,5,No
Sunny,0.5488,33,6,No
Windy,0.8152,26,11,Yes
Overcast,0.0986,6,16,No
Sunny,0.8011,18,19,Yes
Cloudy,0.0412,6,23,No
Cloudy,0.8164,5,18,No
Cloudy,0.8076,16,16,Yes
Windy,0.0510,28,9,Yes
Rainy,1.0000,11,10,No
Rainy,1.0000,7,9,No
Rainy,1.0000,35,9,No
Windy,0.1484,19,7,Yes
Cloudy,0.7733,31,23,Yes
Windy,0.5677,11,22,No
Overcast,0.9830,9,10,Yes
Cloudy,0.9822,22,11,Yes
Sunny,0.9927,21,7,Yes
Cloudy,0.1186,17,0,No
Rainy,1.0000,25,22,No
Cloudy,0.2446,20,0,No
Rainy,1.0000,25,2,No
Windy,0.7574,12,22,Yes
Cloudy,0.2036,21,15,Yes
Sunny,0.5663,21,8,Yes
Sunny,0.1858,28,15,Yes
Cloudy,0.1047,30,22,Yes
Sunny,0.1166,5,19,No
Cloudy,0.3576,33,14,No
Rainy,1.0000,11,2,No
Cloudy,0.4249,35,3,No
Cloudy,0.6642,14,1,No
Cloudy,0.4017,20,10,Yes
Windy,0.0858,9,4,No
Cloudy,0.0627,11,0,No
Sunny,0.2781,33,18,No
Sunny,0.1693,15,6,Yes
Cloudy,0.9651,28,23,Yes
Rainy,1.0000,20,12,No
Cloudy,0.8055,11,15,Yes
Cloudy,0.5861,11,23,Yes
Sunny,0.5693,27,16,Yes
Rainy,1.0000,21,18,No
Sunny,0.9718,12,13,Yes
Sunny,0.3638,10,1,No
Cloudy,0.7879,23,22,Yes
Sunny,0.5553,7,3,No
Overcast,0.3956,18,6,Yes
Rainy,1.0000,25,7,No
Sunny,0.5983,19,20,Yes
Sunny,0.1189,34,16,No
Cloudy,0.4175,5,2,No
Sunny,0.7816,25,10,Yes
Sunny,0.6937,28,19,Yes
Sunny,0.9163,24,2,No
Sunny,0.2594,17,0,No
Rainy,1.0000,17,6,No
Cloudy,0.4599,29,13,Yes
Rainy,1.0000,27,6,No
Sunny,0.9550,27,15,Yes
Sunny,0.9793,17,5,No
Windy,0.8616,10,13,No
Rainy,1.0000,33,9,No
Windy,0.8877,7,23,No
Rainy,1.0000,34,19,No
Overcast,0.4300,27,22,Yes
Sunny,0.0357,11,13,Yes
Overcast,0.7701,26,21,Yes
Cloudy,0.5021,33,13,No
Cloudy,0.7862,21,2,No
Rainy,1.0000,7,9,No
Sunny,0.7936,34,1,No
Rainy,1.0000,6,13,No
Sunny,0.8008,27,20,Yes
Rainy,1.0000,18,0,No
Sunny,0.4733,19,14,Yes
Sunny,0.6751,22,4,No
Rainy,1.0000,25,7,No
Cloudy,0.1023,7,16,No
Cloudy,0.2922,16,9,Yes
Sunny,0.9830,18,12,Yes
Cloudy,0.1397,22,17,Yes
Rainy,1.0000,26,4,No
Cloudy,0.0511,7,16,No
Windy,0.3313,18,16,Yes
Sunny,0.3203,6,16,No
Cloudy,0.9468,10,3,No
Rainy,1.0000,20,8,No
Cloudy,0.3828,23,22,Yes
Sunny,0.0248,11,2,No
Sunny,0.8310,33,0,No
Cloudy,0.6605,11,6,Yes
Rainy,1.0000,31,21,No
Windy,0.9961,23,22,Yes
Rainy,1.0000,21,17,No
Cloudy,0.8671,9,4,No
Sunny,0.2943,10,4,No
Cloudy,0.4354,12,2,No
Overcast,0.7955,8,11,No
Sunny,0.6775,27,10,Yes
Cloudy,0.9379,26,2,No
Cloudy,0.6211,26,11,Yes
Cloudy,0.0978,30,12,Yes
Sunny,0.8844,31,20,No
Overcast,0.7692,7,9,No
Sunny,0.7119,33,3,No
Windy,0.0537,20,19,Yes
Cloudy,0.3962,5,6,No
Sunny,0.1674,10,10,Yes
Windy,0.8219,6,16,No
Sunny,0.7005,8,8,No
Windy,0.8831,31,5,No
Cloudy,0.9666,5,15,No
Windy,0.7747,12,5,No
Cloudy,0.9942,22,18,Yes
Cloudy,0.6148,14,0,No
Cloudy,0.0371,8,4,No
Overcast,0.0143,17,0,No
Cloudy,0.3421,27,5,No
Sunny,0.8235,10,18,Yes
Cloudy,0.8661,27,13,Yes
Rainy,1.0000,14,19,No
Sunny,0.0651,27,2,No
Cloudy,0.0446,6,15,No
Sunny,0.9133,34,8,No
Cloudy,0.3050,16,9,Yes
Sunny,0.5580,10,0,No
Rainy,1.0000,15,6,No
Sunny,0.4004,9,0,No
Cloudy,0.6659,12,9,Yes
Cloudy,0.4009,27,17,Yes
Cloudy,0.7682,24,3,No
Cloudy,0.5277,23,5,No
Cloudy,0.2375,24,17,Yes
Sunny,0.2713,11,18,Yes
Windy,0.2581,26,13,Yes
Sunny,0.5323,28,11,Yes
Sunny,0.7032,18,0,No
Windy,0.9493,16,21,Yes
Windy,0.6941,28,6,Yes
Cloudy,0.7812,11,12,Yes
Rainy,1.0000,27,9,No
Windy,0.3741,26,17,Yes
Cloudy,0.4138,16,12,Yes
Overcast,0.6864,13,18,Yes
Rainy,1.0000,26,6,No
Windy,0.3033,8,15,No
Sunny,0.3559,28,22,Yes
Cloudy,0.8103,34,7,No
Rainy,1.0000,7,0,No
Windy,0.0753,12,5,No
Windy,0.0782,7,4,No
Cloudy,0.3713,30,7,Yes
Sunny,0.7666,19,13,Yes
Rainy,1.0000,10,11,No
Cloudy,0.7080,21,4,No
Sunny,0.7672,23,6,Yes
Cloudy,0.2872,13,6,Yes
Windy,0.5483,22,8,Yes
Overcast,0.5434,29,6,Yes
Windy,0.7396,23,16,Yes
Rainy,1.0000,33,2,No
Sunny,0.2780,19,16,Yes
Cloudy,0.7933,29,0,No
Sunny,0.6600,11,4,No
Cloudy,0.5802,18,0,No
Rainy,1.0000,29,17,No
Sunny,0.9440,33,16,No
Rainy,1.0000,8,8,No
Cloudy,0.1474,17,21,Yes
Sunny,0.7563,32,18,Yes
Sunny,0.0838,11,16,Yes
Windy,0.5161,20,21,Yes
Cloudy,0.2199,9,10,Yes
Rainy,1.0000,5,0,No
Sunny,0.7018,16,8,Yes
Cloudy,0.0302,11,5,No
Cloudy,0.8733,11,6,Yes
Sunny,0.4445,24,10,Yes
Windy,0.5024,25,13,Yes
Cloudy,0.5400,29,20,Yes
Cloudy,0.6455,11,20,Yes
Cloudy,0.3449,21,13,Yes
Cloudy,0.1011,5,2,No
Sunny,0.3184,8,4,No
Sunny,0.1681,32,16,Yes
Sunny,0.5561,10,14,Yes
Sunny,0.3180,20,1,No
Windy,0.9581,34,7,No
Cloudy,0.9657,12,11,Yes
Sunny,0.6201,32,13,Yes
Sunny,0.6175,21,4,No
Sunny,0.9854,30,1,No
Rainy,1.0000,30,12,No
Sunny,0.7651,35,16,No
Sunny,0.3136,32,5,No
Cloudy,0.3655,16,1,No
Sunny,0.2013,13,8,Yes
Sunny,0.4871,5,1,No
Rainy,1.0000,6,22,No
Rainy,1.0000,30,0,No
Cloudy,0.1183,25,0,No
Sunny,0.0252,19,2,No
Cloudy,0.8986,21,10,Yes
Windy,0.5372,7,16,No
Overcast,0.2002,25,23,Yes
Sunny,0.6737,13,2,No
Cloudy,0.6442,23,7,Yes
Sunny,0.1221,35,5,No
Rainy,1.0000,23,13,No
Cloudy,0.0601,16,20,Yes
Sunny,0.2099,28,0,No
Sunny,0.1323,11,7,Yes
Cloudy,0.1932,24,1,No
Windy,0.6855,15,3,No
Cloudy,0.0495,7,2,No
Windy,0.1019,11,2,No
Sunny,0.1342,26,21,Yes
Cloudy,0.3165,25,23,Yes
Sunny,0.2988,31,17,Yes
Overcast,0.2551,8,5,No
Cloudy,0.7505,32,3,No
Sunny,0.9980,8,21,No
Windy,0.5340,30,6,Yes
Cloudy,0.9442,33,19,No
Sunny,0.3966,12,22,Yes
Sunny,0.1067,9,23,Yes
Cloudy,0.4088,9,21,Yes
Rainy,1.0000,26,12,No
Sunny,0.4934,14,22,Yes
Sunny,0.6570,9,10,Yes
Sunny,0.4611,6,14,No
Sunny,0.9352,22,12,Yes
Sunny,0.8848,15,9,Yes
Cloudy,0.7020,28,5,No
Windy,0.4897,30,7,Yes
Rainy,1.0000,21,21,No
Cloudy,0.3970,5,19,No
Rainy,1.0000,18,10,No
Cloudy,0.2849,26,19,Yes
Sunny,0.1040,33,14,No
Cloudy,0.9079,28,20,Yes
Sunny,0.7091,21,16,Yes
Rainy,1.0000,10,1,No
Sunny,0.7925,34,19,No
Sunny,0.8356,7,14,No
Windy,0.4835,5,9,No
Cloudy,0.8812,14,12,Yes
Cloudy,0.9164,12,3,No
Windy,0.2716,34,3,No
Rainy,1.0000,26,8,No
Cloudy,0.5266,21,19,Yes
Cloudy,0.5379,19,8,Yes
Overcast,0.9377,24,13,Yes
Sunny,0.3052,10,13,Yes
Sunny,0.9834,31,12,No
Rainy,1.0000,17,20,No
Rainy,1.0000,20,14,No
Windy,0.8175,24,16,Yes
Cloudy,0.7690,23,13,Yes
Cloudy,0.6779,15,6,Yes
Sunny,0.3198,7,11,No
Cloudy,0.1965,21,8,Yes
Rainy,1.0000,29,6,No
Sunny,0.8430,16,19,Yes
Overcast,0.0163,8,14,No
Windy,0.6428,14,14,Yes
Sunny,0.4429,30,8,Yes
Overcast,0.8981,14,11,Yes
Sunny,0.3215,35,2,No
Windy,0.4742,27,15,Yes
Windy,0.5148,15,2,No
Cloudy,0.1404,25,5,No
Cloudy,0.7129,14,10,Yes
Windy,0.8305,24,6,Yes
Sunny,0.0579,9,5,No
Windy,0.2914,19,5,No
Cloudy,0.0380,20,14,Yes
Rainy,1.0000,6,2,No
Sunny,0.6672,5,11,No
Rainy,1.0000,20,16,No
Overcast,0.5315,20,18,Yes
Sunny,0.8021,18,12,Yes
Sunny,0.3744,14,0,No
Cloudy,0.3538,22,2,No
Sunny,0.3783,15,0,No
Rainy,1.0000,15,16,No
Windy,0.3595,22,4,No
Sunny,0.9004,12,4,No
Cloudy,0.9833,7,3,No
Sunny,0.0304,12,5,No
Rainy,1.0000,21,18,No
Windy,0.1122,17,10,Yes
Overcast,0.0424,17,20,Yes
Overcast,0.2277,15,16,Yes
Windy,0.4468,6,13,No
Cloudy,0.8370,13,15,Yes
Sunny,0.2218,5,5,No
Rainy,1.0000,16,9,No
Sunny,0.9296,31,21,No
Sunny,0.6672,35,23,No
Rainy,1.0000,16,13,No
Rainy,1.0000,15,23,No
Cloudy,0.9805,24,1,No
Rainy,1.0000,26,11,No
Cloudy,0.0455,20,2,No
Rainy,1.0000,6,13,No
Rainy,1.0000,31,7,No
Rainy,1.0000,33,1,No
Cloudy,0.7719,23,3,No
Sunny,0.4131,33,18,No
Sunny,0.7101,35,14,No
Cloudy,0.7899,16,8,Yes
Windy,0.3173,32,23,Yes
Cloudy,0.9793,22,1,No
Sunny,0.6497,25,10,Yes
Rainy,1.0000,12,15,No
Rainy,1.0000,14,15,No
Sunny,0.7416,29,9,Yes
Sunny,0.7705,9,13,Yes
Sunny,0.9082,31,6,No
Cloudy,0.1503,25,0,No
Cloudy,0.5583,16,20,Yes
Sunny,0.4284,27,6,Yes
Sunny,0.9232,26,14,Yes
Sunny,0.1051,19,6,Yes
Cloudy,0.9826,34,1,No
Rainy,1.0000,6,14,No
Cloudy,0.0738,19,19,Yes
Cloudy,0.4910,5,0,No
Cloudy,0.7176,20,14,Yes
Sunny,0.7382,6,7,No
Sunny,0.9065,5,17,No
Cloudy,0.7999,34,7,No
Sunny,0.3109,24,1,No
Sunny,0.4984,10,5,No
Sunny,0.7018,10,5,No
Sunny,0.1384,35,6,No
Rainy,1.0000,27,13,No
Cloudy,0.4810,14,23,Yes
Rainy,1.0000,20,12,No
Cloudy,0.8626,23,9,Yes
Sunny,0.5863,31,13,Yes
Cloudy,0.3487,14,23,Yes
Overcast,0.8488,26,9,Yes
Cloudy,0.8049,12,4,No
Rainy,1.0000,35,5,No
Sunny,0.8473,35,11,No
Cloudy,0.4145,26,22,Yes
Cloudy,0.1275,35,5,No
Cloudy,0.8406,14,8,Yes
Sunny,0.0598,13,8,Yes
Rainy,1.0000,6,20,No
Sunny,0.9197,18,21,Yes
Overcast,0.9608,26,2,No
Sunny,0.6406,13,14,Yes
Windy,0.6886,30,1,No
Cloudy,0.0425,18,13,Yes
Sunny,0.5145,22,1,No
Windy,0.5469,25,7,Yes
Sunny,0.3401,5,12,No
Cloudy,0.0686,32,9,Yes
Sunny,0.2289,23,14,Yes
Windy,0.3580,21,12,Yes
Cloudy,0.4351,30,23,Yes
Cloudy,0.5909,34,16,No
Sunny,0.7224,12,22,Yes
Cloudy,0.3176,31,3,No
Cloudy,0.3290,19,2,No
Sunny,0.0197,30,1,No
Sunny,0.0409,24,17,Yes
Cloudy,0.2578,35,11,No
Overcast,0.7402,13,16,Yes
Sunny,0.6283,12,23,Yes
Cloudy,0.7698,34,9,No
Windy,0.7689,28,23,Yes
Sunny,0.8566,18,16,Yes
Overcast,0.7203,13,3,No
Cloudy,0.9790,6,9,No
Windy,0.8988,30,22,Yes
Windy,0.5867,29,15,Yes
Windy,0.5882,35,20,No
Sunny,0.0343,14,1,No
Cloudy,0.9985,21,20,Yes
Sunny,0.1316,33,21,No
Rainy,1.0000,35,4,No
Sunny,0.8210,16,12,Yes
Sunny,0.3731,12,12,Yes
Windy,0.1969,12,2,No
Rainy,1.0000,11,22,No
Overcast,0.7486,26,14,Yes
Sunny,0.4527,29,19,Yes
Sunny,0.7137,10,18,Yes
Rainy,1.0000,16,2,No
Sunny,0.1466,32,3,No
Sunny,0.9192,9,0,No
Windy,0.4116,5,16,No
Rainy,1.0000,14,14,No
Windy,0.9431,22,22,Yes
Windy,0.9907,13,20,Yes
Sunny,0.1989,21,3,No
Sunny,0.6568,8,0,No
Sunny,0.1065,28,11,Yes
Cloudy,0.6509,8,16,No
Rainy,1.0000,12,8,No
Rainy,1.0000,10,9,No
Sunny,0.4173,31,2,No
Rainy,1.0000,8,14,No
Sunny,0.3931,13,20,Yes
Sunny,0.5897,31,10,Yes
Sunny,0.8816,8,4,No
Rainy,1.0000,6,9,No
Rainy,1.0000,8,13,No
Rainy,1.0000,16,11,No
Cloudy,0.1122,8,8,No
Overcast,0.1933,19,5,No
Overcast,0.3466,35,8,No
Sunny,0.5065,32,2,No
Sunny,0.6295,17,12,Yes
Cloudy,0.7321,5,22,No
Sunny,0.8901,12,6,Yes
Overcast,0.9891,23,16,Yes
Rainy,1.0000,5,17,No
Cloudy,0.8454,27,21,Yes
Sunny,0.7780,27,19,Yes
Sunny,0.3075,20,3,No
Cloudy,0.8757,28,4,No
Sunny,0.0428,12,10,Yes
Cloudy,0.0004,32,17,Yes
Cloudy,0.2737,6,18,No
Sunny,0.4621,7,4,No
Cloudy,0.6384,18,15,Yes
Sunny,0.1018,29,17,Yes
Cloudy,0.6730,35,13,No
Sunny,0.8018,26,19,Yes
Sunny,0.1853,22,16,Yes
Windy,0.4151,28,23,Yes
Windy,0.5200,8,8,No
Rainy,1.0000,6,13,No
Sunny,0.7998,11,11,Yes
Sunny,0.9605,29,2,No
Windy,0.7990,7,17,No
Overcast,0.0780,28,6,Yes
Overcast,0.8049,13,2,No
Windy,0.0666,30,11,Yes
Sunny,0.2360,11,14,Yes
Overcast,0.1531,14,8,Yes
Sunny,0.1975,29,17,Yes
Rainy,1.0000,34,7,No
Overcast,0.6717,10,9,Yes
Sunny,0.4703,21,11,Yes
Cloudy,0.9597,21,20,Yes
Rainy,1.0000,30,4,No
Cloudy,0.7631,9,10,Yes
Windy,0.8702,19,2,No
Sunny,0.5621,11,20,Yes
Sunny,0.4562,5,7,No
Sunny,0.5962,32,19,Yes
Cloudy,0.4288,19,20,Yes
Sunny,0.5552,14,7,Yes
Sunny,0.4169,9,0,No
Sunny,0.4005,20,4,No
Sunny,0.6953,23,20,Yes
Windy,0.0929,33,10,No
Sunny,0.1665,20,23,Yes
Cloudy,0.8512,7,8,No
Windy,0.7711,9,12,No
Cloudy,0.2815,12,21,Yes
Windy,0.3773,22,6,Yes
Windy,0.9260,16,2,No
Cloudy,0.8181,14,11,Yes
Cloudy,0.6143,20,12,Yes
Overcast,0.2215,33,15,No
Overcast,0.0443,35,8,No
Sunny,0.4313,27,8,Yes
Rainy,1.0000,25,13,No
Sunny,0.8285,27,0,No
Sunny,0.8527,15,0,No
Sunny,0.0328,29,15,Yes
Rainy,1.0000,27,17,No
Cloudy,0.3391,30,12,Yes
Sunny,0.1887,23,16,Yes
Windy,0.8030,28,21,Yes
Overcast,0.7675,33,11,No
Cloudy,0.5168,9,15,Yes
Sunny,0.9829,5,19,No
Cloudy,0.1441,22,0,No
Windy,0.8997,11,14,No
Sunny,0.1165,9,4,No
Cloudy,0.1632,16,18,Yes
Sunny,0.6962,5,17,No
Sunny,0.1096,21,8,Yes
Sunny,0.5658,7,4,No
Sunny,0.4202,31,10,Yes
Cloudy,0.7285,15,1,No
Sunny,0.9007,12,22,Yes
Sunny,0.7699,35,1,No
Cloudy,0.8497,11,14,Yes
Cloudy,0.0329,27,18,Yes
Sunny,0.3102,33,3,No
Windy,0.5154,12,16,Yes
Windy,0.4160,34,20,No
Rainy,1.0000,28,5,No
Sunny,0.3079,5,3,No
Sunny,0.9454,14,15,Yes
Rainy,1.0000,16,13,No
Sunny,0.3539,17,8,Yes
Cloudy,0.0037,25,7,Yes
Cloudy,0.8451,22,11,Yes
Cloudy,0.1548,9,8,Yes
Cloudy,0.2041,14,8,Yes
Sunny,0.2553,20,18,Yes
Sunny,0.8846,10,5,No
Cloudy,0.2065,14,19,Yes
Windy,0.7975,21,23,Yes
Cloudy,0.8080,11,6,Yes
Sunny,0.9270,9,19,Yes
Rainy,1.0000,9,5,No
Cloudy,0.2173,32,11,Yes
Rainy,1.0000,22,15,No
Sunny,0.1960,16,12,Yes
Cloudy,0.2863,12,21,Yes
Windy,0.1667,34,4,No
Rainy,1.0000,16,3,No
Sunny,0.4816,35,18,No
Rainy,1.0000,18,17,No
Sunny,0.3217,16,12,Yes
Cloudy,0.4266,15,22,Yes
Sunny,0.0245,5,12,No
Sunny,0.3883,6,0,No
Rainy,1.0000,17,0,No
Cloudy,0.4936,20,6,Yes
Cloudy,0.8257,7,3,No
Cloudy,0.8184,15,9,Yes
Windy,0.0804,15,8,Yes
Rainy,1.0000,17,19,No
Cloudy,0.8346,15,3,No
Cloudy,0.2380,15,10,Yes
Cloudy,0.7619,33,23,No
Overcast,0.8908,13,20,Yes
Rainy,1.0000,19,12,No
Cloudy,0.1073,12,8,Yes
Windy,0.0091,20,6,Yes
Cloudy,0.1917,18,22,Yes
Sunny,0.2705,31,7,Yes
Cloudy,0.6162,14,18,Yes
Rainy,1.0000,13,21,No
Sunny,0.7034,17,15,Yes
Cloudy,0.3531,21,4,No
Cloudy,0.1544,21,11,Yes
Rainy,1.0000,16,11,No
Sunny,0.8843,33,12,No
Sunny,0.9585,5,0,No
Cloudy,0.2075,17,5,No
Windy,0.7885,34,6,No
Cloudy,0.2733,7,13,No
Rainy,1.0000,27,22,No
Overcast,0.1655,33,5,No
Windy,0.6660,29,18,Yes
Cloudy,0.0842,17,12,Yes
Windy,0.9739,24,14,Yes
Cloudy,0.7006,35,3,No
Windy,0.8418,18,23,Yes
Windy,0.5667,12,9,Yes
Overcast,0.4768,24,19,Yes
Windy,0.6219,8,5,No
Rainy,1.0000,26,1,No
Sunny,0.4694,26,1,No
Sunny,0.7595,35,0,No
Overcast,0.1782,34,20,No
Sunny,0.1712,25,15,Yes
Sunny,0.4318,13,10,Yes
Windy,0.3207,15,12,Yes
Sunny,0.0741,14,13,Yes
Windy,0.8445,7,3,No
Sunny,0.7716,19,19,Yes
Cloudy,0.5439,34,20,No
Sunny,0.9793,16,10,Yes
Rainy,1.0000,34,19,No
Cloudy,0.7667,13,9,Yes
Sunny,0.2664,26,5,No
Rainy,1.0000,28,13,No
Rainy,1.0000,26,8,No
Rainy,1.0000,25,17,No
Windy,0.1442,9,13,No
Cloudy,0.8400,20,3,No
Windy,0.6616,12,0,No
Cloudy,0.0590,29,22,Yes
Cloudy,0.8110,29,14,Yes
Sunny,0.6278,26,20,Yes
Overcast,0.9050,27,14,Yes
Sunny,0.7487,11,23,Yes
Sunny,0.5611,24,6,Yes
Sunny,0.8365,16,15,Yes
Overcast,0.2781,11,5,No
Sunny,0.5470,5,22,No
Sunny,0.2936,32,0,No
Cloudy,0.9682,10,7,Yes
Rainy,1.0000,27,7,No
Cloudy,0.0157,14,17,Yes
Sunny,0.3259,26,0,No
Sunny,0.5025,25,15,Yes
Sunny,0.0284,16,11,Yes
Cloudy,0.5592,16,11,Yes
Sunny,0.8743,8,18,No
Sunny,0.7047,5,11,No
Sunny,0.6230,34,6,No
Overcast,0.9560,26,22,Yes
Rainy,1.0000,22,7,No
Rainy,1.0000,10,20,No
Sunny,0.6077,20,3,No
Cloudy,0.4878,32,19,Yes
Cloudy,0.0133,6,5,No
Sunny,0.6063,6,17,No
Overcast,0.9891,13,0,No
Sunny,0.8181,16,11,Yes
Cloudy,0.3406,12,1,No
Cloudy,0.1520,30,18,Yes
Windy,0.7841,16,21,Yes
Overcast,0.7439,24,14,Yes
Windy,0.9670,10,20,No
Cloudy,0.8748,35,18,No
Cloudy,0.5557,23,9,Yes
Sunny,0.1013,27,6,Yes
Rainy,1.0000,20,4,No
Rainy,1.0000,33,11,No
Sunny,0.5124,24,17,Yes
Sunny,0.3017,18,0,No
Cloudy,0.8618,13,11,Yes
Cloudy,0.8443,34,23,No
Overcast,0.3155,9,18,Yes
Rainy,1.0000,29,8,No
Rainy,1.0000,21,21,No
Cloudy,0.9091,29,19,Yes
Cloudy,0.1874,15,2,No
Windy,0.6977,25,18,Yes
Windy,0.9704,21,6,Yes
Overcast,0.1753,26,14,Yes
Sunny,0.2020,26,11,Yes
Sunny,0.6937,7,1,No
Rainy,1.0000,25,20,No
Cloudy,0.4905,18,13,Yes
Cloudy,0.6097,29,13,Yes
Windy,0.2127,29,1,No
Rainy,1.0000,16,10,No
Sunny,0.1121,25,19,Yes
Cloudy,0.3214,18,23,Yes
Sunny,0.2848,20,13,Yes
Sunny,0.4446,6,19,No
Windy,0.9301,29,14,Yes
Rainy,1.0000,29,0,No
Sunny,0.4014,13,11,Yes
Rainy,1.0000,32,7,No
Sunny,0.9466,34,3,No
Overcast,0.1331,8,14,No
Sunny,0.9179,24,0,No
Windy,0.0811,17,8,Yes
Rainy,1.0000,23,3,No
Sunny,0.4546,17,11,Yes
Sunny,0.2096,15,23,Yes
Sunny,0.3475,14,20,Yes
Cloudy,0.4542,33,1,No
Sunny,0.8652,26,6,Yes
Cloudy,0.9551,19,14,Yes
Cloudy,0.5189,28,4,No
Sunny,0.8701,18,10,Yes
Sunny,0.6082,10,3,No
Cloudy,0.3491,18,15,Yes
Rainy,1.0000,13,22,No
Windy,0.4131,12,6,Yes
Cloudy,0.5228,14,11,Yes
Cloudy,0.0444,19,20,Yes
Cloudy,0.1458,21,2,No
Rainy,1.0000,23,23,No
Sunny,0.2250,12,3,No
Sunny,0.8373,8,17,No
Sunny,0.3269,15,10,Yes
Rainy,1.0000,33,0,No
Cloudy,0.0835,26,6,Yes
Rainy,1.0000,22,1,No
Cloudy,0.1180,10,21,Yes
Cloudy,0.1409,6,14,No
Cloudy,0.8627,22,20,Yes
Overcast,0.2543,35,22,No
Rainy,1.0000,7,3,No
Windy,0.8167,25,17,Yes
Rainy,1.0000,8,7,No
Cloudy,0.9575,6,14,No
Sunny,0.7089,16,23,Yes
Cloudy,0.1128,30,11,Yes
Sunny,0.5584,6,13,No
Sunny,0.7182,7,0,No
Rainy,1.0000,29,0,No
Cloudy,0.0263,22,18,Yes
Windy,0.7189,12,22,Yes
Sunny,0.8257,13,17,Yes
Sunny,0.7468,23,9,Yes
Rainy,1.0000,14,5,No
Rainy,1.0000,27,12,No
Sunny,0.5494,26,17,Yes
Rainy,1.0000,20,23,No
Sunny,0.9229,33,3,No
Rainy,1.0000,6,3,No
Rainy,1.0000,14,2,No
Windy,0.7013,11,20,No
Sunny,0.0683,17,5,No
Cloudy,0.5008,20,20,Yes
Cloudy,0.2865,33,6,No
Sunny,0.2852,30,8,Yes
Sunny,0.3559,32,0,No
Sunny,0.3147,23,12,Yes
Sunny,0.5786,26,6,Yes
Cloudy,0.6836,27,7,Yes
Sunny,0.2687,32,9,Yes
Cloudy,0.1298,18,6,Yes
Cloudy,0.0588,6,5,No
Windy,0.5758,19,4,No
Rainy,1.0000,26,7,No
Windy,0.0092,13,19,Yes
Sunny,0.9278,9,15,Yes
Windy,0.5371,19,22,Yes
Cloudy,0.0924,27,3,No
Overcast,0.8429,26,7,Yes
Cloudy,0.9832,18,20,Yes
Sunny,0.4486,33,8,No
Cloudy,0.0425,27,18,Yes
Sunny,0.1175,19,22,Yes
Sunny,0.3817,5,22,No
Sunny,0.8855,23,21,Yes
Sunny,0.1480,10,14,Yes
Cloudy,0.8240,27,7,Yes
Sunny,0.0150,23,2,No
Cloudy,0.4574,14,2,No
Rainy,1.0000,6,16,No
Sunny,0.0604,25,13,Yes
Rainy,1.0000,13,13,No
Overcast,0.9444,13,1,No
Rainy,1.0000,24,13,No
Sunny,0.7296,12,10,Yes
Cloudy,0.6091,31,23,Yes
Rainy,1.0000,34,21,No
Windy,0.0062,23,13,Yes
Cloudy,0.0093,30,23,Yes
Overcast,0.5321,22,21,Yes
Cloudy,0.9428,35,6,No
Sunny,0.6443,15,18,Yes
Cloudy,0.7143,16,23,Yes
Windy,0.4939,35,7,No
Cloudy,0.5819,6,13,No
Sunny,0.1264,6,20,No
Windy,0.8768,11,3,No
Sunny,0.7608,34,10,No
Rainy,1.0000,24,3,No
Sunny,0.2977,34,5,No
Sunny,0.2270,11,5,No
Windy,0.1252,10,22,No
Sunny,0.9642,9,1,No
Sunny,0.7809,7,18,No
Sunny,0.1663,28,0,No
Windy,0.5527,13,12,Yes
Windy,0.4138,13,13,Yes
Overcast,0.1515,21,2,No
Sunny,0.1621,12,21,Yes
Overcast,0.9635,13,18,Yes
Cloudy,0.3050,29,16,Yes
Cloudy,0.9414,28,3,No
Sunny,0.0756,25,12,Yes
Sunny,0.4608,31,8,Yes
Sunny,0.1296,27,3,No
Windy,0.0048,14,9,Yes
Sunny,0.5538,11,12,Yes
Sunny,0.1139,29,17,Yes
Sunny,0.7220,19,11,Yes
Cloudy,0.6981,24,15,Yes
Windy,0.1763,12,0,No
Rainy,1.0000,29,13,No
Sunny,0.7210,25,22,Yes
Windy,0.2980,23,20,Yes
Windy,0.7092,8,6,No
Rainy,1.0000,5,4,No
Sunny,0.3422,25,1,No
Sunny,0.3756,29,3,No
Rainy,1.0000,5,9,No
Sunny,0.6166,32,22,Yes
Rainy,1.0000,17,14,No
Cloudy,0.1732,31,18,Yes
Sunny,0.8752,9,14,Yes
Cloudy,0.0277,23,18,Yes
Rainy,1.0000,27,9,No
Overcast,0.4144,7,19,No
Windy,0.7913,23,2,No
Sunny,0.7212,23,10,Yes
Sunny,0.4801,33,17,No
Sunny,0.6439,19,1,No
Sunny,0.5018,12,21,Yes
Rainy,1.0000,16,22,No
Cloudy,0.4761,15,17,Yes
Sunny,0.5232,30,23,Yes
Sunny,0.2505,31,14,Yes
Windy,0.6050,11,22,No
Cloudy,0.3029,14,15,Yes
Overcast,0.5773,27,18,Yes
Sunny,0.1697,5,18,No
Windy,0.1595,7,11,No
Cloudy,0.4170,22,22,Yes
Sunny,0.4268,15,5,No
Cloudy,0.2681,25,11,Yes
Sunny,0.1316,11,6,Yes
Windy,0.0392,8,9,No
Rainy,1.0000,13,11,No
Sunny,0.2716,32,15,Yes
Sunny,0.4619,32,12,Yes
Sunny,0.7262,17,12,Yes
Cloudy,0.4749,12,13,Yes
Cloudy,0.9041,26,5,No
Sunny,0.0352,30,18,Yes
Rainy,1.0000,5,9,No
Sunny,0.3385,16,8,Yes
Rainy,1.0000,7,21,No
Sunny,0.8527,34,8,No
Windy,0.3502,6,8,No
Sunny,0.2680,21,0,No
Windy,0.0619,16,0,No
Windy,0.8213,10,12,No
Sunny,0.3797,19,20,Yes
Cloudy,0.5716,16,20,Yes
Rainy,1.0000,30,21,No
Cloudy,0.0016,28,18,Yes
Cloudy,0.1455,15,15,Yes
Windy,0.7791,24,23,Yes
Sunny,0.8051,9,22,Yes
Windy,0.7692,25,12,Yes
Rainy,1.0000,12,17,No
Sunny,0.9789,34,23,No
Cloudy,0.3962,6,9,No
Sunny,0.6019,28,13,Yes
Sunny,0.0634,28,2,No
Rainy,1.0000,29,0,No
Windy,0.7225,30,9,Yes
Sunny,0.2387,10,6,Yes
Windy,0.9438,27,23,Yes
Cloudy,0.6868,22,3,No
Sunny,0.2876,21,19,Yes
Sunny,0.7690,21,6,Yes
Cloudy,0.0832,5,1,No
Windy,0.9748,23,1,No
Cloudy,0.0493,8,5,No
Rainy,1.0000,6,1,No
Cloudy,0.2529,11,1,No
Windy,0.7578,25,3,No
Cloudy,0.0001,5,22,No
Sunny,0.2542,13,5,No
Sunny,0.7491,29,18,Yes
Rainy,1.0000,11,1,No
Sunny,0.1150,16,3,No
Windy,0.3936,9,13,No
Windy,0.3755,35,2,No
Sunny,0.5682,26,15,Yes
Sunny,0.6680,10,11,Yes
Cloudy,0.8408,12,1,No
Overcast,0.4972,28,9,Yes
Rainy,1.0000,30,9,No
Sunny,0.1440,24,11,Yes
Windy,0.8048,15,16,Yes
Sunny,0.7134,10,9,Yes
Windy,0.4087,10,0,No
Sunny,0.5184,9,21,Yes
Cloudy,0.6652,33,4,No
Sunny,0.1648,35,11,No
Sunny,0.0272,15,3,No
Sunny,0.3175,30,12,Yes
Sunny,0.5956,17,2,No
Sunny,0.4866,21,0,No
Windy,0.6926,30,4,No
Cloudy,0.8197,10,10,Yes
Cloudy,0.4884,18,3,No
Sunny,0.1343,16,11,Yes
Cloudy,0.8506,27,9,Yes
Cloudy,0.5750,15,23,Yes
Cloudy,0.7399,12,5,No
Sunny,0.7047,5,1,No
Cloudy,0.9682,29,3,No
Cloudy,0.2953,21,10,Yes
Rainy,1.0000,32,16,No
Windy,0.3657,28,20,Yes
Sunny,0.3954,35,1,No
Sunny,0.2306,29,3,No
Sunny,0.3440,33,13,No
Cloudy,0.9483,29,4,No
Cloudy,0.2926,35,8,No
Sunny,0.2460,35,5,No
Windy,0.5831,30,10,Yes
Cloudy,0.2580,25,0,No
Sunny,0.4734,19,3,No
Sunny,0.8342,5,21,No
Windy,0.2304,35,8,No
Sunny,0.4267,34,13,No
Sunny,0.6105,19,0,No
Rainy,1.0000,8,10,No
Windy,0.9747,27,5,No
Windy,0.6804,20,21,Yes
Rainy,1.0000,13,8,No
Sunny,0.9670,8,13,No
Sunny,0.4144,9,2,No
Rainy,1.0000,25,0,No
Windy,0.0439,19,23,Yes
Rainy,1.0000,33,12,No
Overcast,0.2372,9,7,Yes
Rainy,1.0000,32,16,No
Windy,0.7548,22,15,Yes
Cloudy,0.5359,32,19,Yes
Sunny,0.6676,24,17,Yes
Sunny,0.8205,29,0,No
Cloudy,0.2308,29,0,No
Sunny,0.3259,8,11,No
Cloudy,0.7084,23,10,Yes
Cloudy,0.3928,6,6,No
Sunny,0.0293,17,18,Yes
Windy,0.4350,25,1,No
Cloudy,0.9083,12,19,Yes
Windy,0.4090,27,20,Yes
Cloudy,0.3322,17,5,No
Rainy,1.0000,29,17,No
Cloudy,0.6444,20,22,Yes
Sunny,0.3660,5,10,No
Windy,0.1020,6,12,No
Rainy,1.0000,18,9,No
Sunny,0.7081,6,17,No
Rainy,1.0000,8,3,No
Sunny,0.2173,12,8,Yes
Windy,0.1149,29,2,No
Sunny,0.7241,35,10,No
Sunny,0.2034,35,6,No
Sunny,0.1761,9,0,No
Windy,0.3198,11,4,No
Rainy,1.0000,32,4,No
Sunny,0.5395,31,12,Yes
Rainy,1.0000,7,0,No
Cloudy,0.4639,18,19,Yes
Sunny,0.6840,11,3,No
Sunny,0.5384,20,22,Yes
Cloudy,0.5725,30,7,Yes
Sunny,0.2248,21,22,Yes
Cloudy,0.8477,21,23,Yes
Windy,0.5614,23,17,Yes
Sunny,0.7132,14,22,Yes
Overcast,0.9819,30,11,Yes
Sunny,0.4282,5,2,No
Sunny,0.8811,20,21,Yes
Sunny,0.0073,26,12,Yes
Sunny,0.0334,21,16,Yes
Sunny,0.5903,15,2,No
Cloudy,0.3114,34,12,No
Windy,0.2483,9,21,No
Windy,0.2779,12,9,Yes
Sunny,0.3184,28,3,No
Cloudy,0.7289,22,0,No
Rainy,1.0000,13,13,No
Sunny,0.7890,11,5,No
Sunny,0.8302,18,18,Yes
Sunny,0.8429,10,3,No
Sunny,0.4146,22,10,Yes
Cloudy,0.4213,10,19,Yes
Rainy,1.0000,9,12,No
Windy,0.6618,7,9,No
Cloudy,0.0805,27,16,Yes
Sunny,0.5422,33,6,No
Windy,0.3560,31,12,Yes
Cloudy,0.9874,22,15,Yes
Overcast,0.0137,35,6,No
Sunny,0.6122,32,17,Yes
Cloudy,0.7236,6,6,No
Sunny,0.2889,32,5,No
Sunny,0.9736,12,22,Yes
Cloudy,0.8595,18,12,Yes
Windy,0.9157,30,2,No
Windy,0.0192,10,0,No
Cloudy,0.5699,9,17,Yes
Cloudy,0.2947,31,10,Yes
Windy,0.8490,22,0,No
Sunny,0.6328,20,4,No
Windy,0.5389,26,8,Yes
Windy,0.1146,12,18,Yes
Sunny,0.5402,13,13,Yes
Cloudy,0.6319,23,7,Yes
Rainy,1.0000,25,8,No
Sunny,0.5851,30,16,Yes
Sunny,0.9674,12,22,Yes
Cloudy,0.9616,34,10,No
Cloudy,0.6502,7,15,No
Rainy,1.0000,13,20,No
Cloudy,0.4660,23,16,Yes
Windy,0.8904,22,21,Yes
Sunny,0.0283,13,23,Yes
Cloudy,0.1138,12,1,No
Cloudy,0.1021,6,2,No
Rainy,1.0000,8,16,No
Sunny,0.3397,31,11,Yes
Cloudy,0.6380,26,15,Yes
Rainy,1.0000,20,15,No
Windy,0.3858,29,5,No
Cloudy,0.5316,22,22,Yes
Rainy,1.0000,35,22,No
Sunny,0.9410,24,19,Yes
Overcast,0.5756,30,2,No
Cloudy,0.6144,6,12,No
Rainy,1.0000,15,12,No
Sunny,0.9522,23,20,Yes
Sunny,0.5281,12,14,Yes
Rainy,1.0000,16,1,No
Sunny,0.0503,10,11,Yes
Sunny,0.4209,31,14,Yes
Sunny,0.2570,13,14,Yes
Cloudy,0.2670,10,11,Yes
Cloudy,0.7915,24,6,Yes
Sunny,0.6239,7,2,No
Cloudy,0.4397,26,9,Yes
Cloudy,0.0106,9,21,Yes
Windy,0.9649,29,10,Yes
Cloudy,0.9620,35,17,No
Windy,0.2176,6,6,No
Sunny,0.0413,5,6,No
Sunny,0.5302,29,11,Yes
Overcast,0.9514,18,16,Yes
Rainy,1.0000,20,13,No
Sunny,0.5847,29,14,Yes
Rainy,1.0000,9,19,No
Windy,0.3300,5,7,No
Overcast,0.8979,9,16,Yes
Cloudy,0.4918,33,6,No
Sunny,0.1311,23,8,Yes
Sunny,0.2484,28,15,Yes
Sunny,0.2768,25,2,No
Rainy,1.0000,9,10,No
Cloudy,0.4630,10,9,Yes
Rainy,1.0000,34,10,No
Sunny,0.6688,19,8,Yes
Cloudy,0.0725,27,10,Yes
Cloudy,0.0055,20,10,Yes
Rainy,1.0000,24,17,No
Sunny,0.3627,17,3,No
Cloudy,0.7767,34,4,No
Windy,0.9670,12,4,No
Sunny,0.3876,5,17,No
Overcast,0.6867,30,17,Yes
Sunny,0.9949,35,21,No
Rainy,1.0000,25,15,No
Sunny,0.6362,25,22,Yes
Sunny,0.0781,31,8,Yes
Windy,0.3232,10,1,No
Sunny,0.9134,15,15,Yes
Sunny,0.2010,29,9,Yes
Cloudy,0.8436,16,11,Yes
Cloudy,0.6963,26,16,Yes
Cloudy,0.3663,33,15,No
Cloudy,0.5292,11,16,Yes
Sunny,0.5428,6,16,No
Rainy,1.0000,25,2,No
Rainy,1.0000,18,8,No
Cloudy,0.1331,20,1,No
Rainy,1.0000,20,16,No
Rainy,1.0000,16,14,No
Overcast,0.9631,26,8,Yes
Windy,0.2835,8,1,No
Sunny,0.2631,34,14,No
Rainy,1.0000,14,22,No
Windy,0.5723,27,13,Yes
Sunny,0.8949,29,0,No
Sunny,0.1763,28,12,Yes
Cloudy,0.2797,9,8,Yes
Rainy,1.0000,33,0,No
Sunny,0.4543,31,19,Yes
Overcast,0.4473,28,19,Yes
Cloudy,0.8207,29,0,No
Cloudy,0.9239,22,10,Yes
Sunny,0.4813,25,11,Yes
Cloudy,0.6874,10,23,Yes
Rainy,1.0000,26,4,No
Overcast,0.5184,34,18,No
Windy,0.2943,19,17,Yes
Cloudy,0.6381,24,6,Yes
Rainy,1.0000,13,18,No
Cloudy,0.9016,35,19,No
Windy,0.0524,8,20,No
Cloudy,0.9101,10,15,Yes
Sunny,0.5344,8,9,No
Rainy,1.0000,25,7,No
Cloudy,0.3447,11,2,No
Windy,0.7243,35,0,No
Rainy,1.0000,6,17,No
Cloudy,0.9802,30,6,Yes
Rainy,1.0000,14,12,No
Overcast,0.3266,17,14,Yes
Cloudy,0.8217,28,14,Yes
Cloudy,0.5479,27,7,Yes
Sunny,0.6823,10,9,Yes
Windy,0.8057,7,7,No
Sunny,0.6714,30,13,Yes
Windy,0.4224,32,1,No
Overcast,0.1248,19,3,No
Cloudy,0.5802,24,2,No
Cloudy,0.8974,10,7,Yes
Rainy,1.0000,31,2,No
Sunny,0.9107,29,7,Yes
Sunny,0.5035,33,22,No
Sunny,0.6208,33,3,No
Sunny,0.8330,8,21,No
Sunny,0.5646,20,0,No
Sunny,0.0910,6,4,No
Sunny,0.9810,30,21,Yes
Sunny,0.2458,27,11,Yes
Cloudy,0.7105,15,15,Yes
Rainy,1.0000,12,9,No
Windy,0.4788,13,6,Yes
Windy,0.2439,22,5,No
Cloudy,0.7222,30,1,No
Windy,0.1128,12,22,Yes
Overcast,0.9905,24,5,No
Rainy,1.0000,34,16,No
Cloudy,0.5345,12,12,Yes
Overcast,0.4246,14,14,Yes
Overcast,0.2865,25,8,Yes
Cloudy,0.5016,6,19,No
Rainy,1.0000,22,23,No
Cloudy,0.2750,29,11,Yes
Rainy,1.0000,33,14,No
Sunny,0.2345,15,21,Yes
Overcast,0.3371,17,2,No
Sunny,0.1903,20,21,Yes
Cloudy,0.9905,7,16,No
Sunny,0.5715,5,11,No
Windy,0.7328,29,4,No
Cloudy,0.0982,26,22,Yes
Sunny,0.3661,10,18,Yes
Cloudy,0.8926,24,6,Yes
Rainy,1.0000,5,1,No
Sunny,0.1655,22,4,No
Sunny,0.6254,28,7,Yes
Cloudy,0.6228,19,19,Yes
Rainy,1.0000,25,7,No
Sunny,0.9355,31,16,No
Sunny,0.1420,9,21,Yes
Cloudy,0.2594,9,2,No
Sunny,0.4275,17,12,Yes
Cloudy,0.0009,17,5,No
Rainy,1.0000,9,12,No
Cloudy,0.2265,20,13,Yes
Sunny,0.4811,10,16,Yes
Sunny,0.2515,27,6,Yes
Windy,0.8767,29,15,Yes
Overcast,0.3243,18,0,No
Sunny,0.9246,25,17,Yes
Windy,0.9748,25,19,Yes
Rainy,1.0000,31,4,No
Cloudy,0.2271,33,13,No
Cloudy,0.2917,12,22,Yes
Sunny,0.7763,19,0,No
Sunny,0.2733,28,23,Yes
Windy,0.3806,25,13,Yes
Rainy,1.0000,10,4,No
Rainy,1.0000,12,3,No
Cloudy,0.9961,9,3,No
Sunny,0.2322,20,19,Yes
Cloudy,0.3534,14,2,No
Windy,0.2629,10,17,No
Sunny,0.3611,30,12,Yes
Sunny,0.1008,6,3,No
Sunny,0.3598,25,8,Yes
Cloudy,0.8879,5,1,No
Overcast,0.2986,6,15,No
Cloudy,0.3719,24,9,Yes
Sunny,0.9445,14,8,Yes
Sunny,0.7284,7,20,No
Windy,0.5167,21,22,Yes
Rainy,1.0000,35,10,No
Cloudy,0.1232,28,12,Yes
Windy,0.4645,34,12,No
Cloudy,0.1182,31,3,No
Sunny,0.2336,23,22,Yes
Sunny,0.1419,30,12,Yes
Sunny,0.3618,31,21,Yes
Cloudy,0.3816,15,8,Yes
Cloudy,0.9473,21,9,Yes
Windy,0.2641,22,0,No
Windy,0.4724,13,23,Yes
Windy,0.8114,33,6,No
Windy,0.8156,22,20,Yes
Sunny,0.7503,31,8,Yes
Sunny,0.2878,34,4,No
Sunny,0.4950,22,21,Yes
Cloudy,0.1862,10,21,Yes
Cloudy,0.1884,14,6,Yes
Sunny,0.4358,11,12,Yes
Rainy,1.0000,17,7,No
Sunny,0.5266,11,3,No
